"mean","stdev","variance"
1.14320406984987,3.04424626277939,9.26743530844628
